"Sangeetha, R. G."," Hemanth, C."
"Sangeetha, R. G."," Arora, Naman"
"Sangeetha, R. G."," Singh, Karan"
"Sangeetha, R. G."," Mulye, Vithika"
" Hemanth, C."," Arora, Naman"
" Hemanth, C."," Singh, Karan"
" Hemanth, C."," Mulye, Vithika"
" Arora, Naman"," Singh, Karan"
" Arora, Naman"," Mulye, Vithika"
" Singh, Karan"," Mulye, Vithika"
"Huber, Tobias A."," Sornette, Didier"
"Sarkodie, Samuel Asumadu"," Owusu, Phebe Asantewaa"
"Liu, Tianquan"," Wang, Yiming"
"Liu, Tianquan"," Yan, Yu"
" Wang, Yiming"," Yan, Yu"
"Halang, Wolfgang A."," Kubek, Mario M."
"Rotta, Tomas N."," Parana, Edemilson"
"Cai, Cen"," Li, Wencheng"
"Cai, Cen"," Han, Hui"
"Cai, Cen"," Liu, Mingxi"
" Li, Wencheng"," Han, Hui"
" Li, Wencheng"," Liu, Mingxi"
" Han, Hui"," Liu, Mingxi"
"He, Chi-Wei"," Wang, Yung-Jang"
"Zola, Francesco"," Segurola-Gil, Lander"
"Zola, Francesco"," Bruse, Jan L."
"Zola, Francesco"," Galar, Mikel"
"Zola, Francesco"," Orduna-Urrutia, Raul"
" Segurola-Gil, Lander"," Bruse, Jan L."
" Segurola-Gil, Lander"," Galar, Mikel"
" Segurola-Gil, Lander"," Orduna-Urrutia, Raul"
" Bruse, Jan L."," Galar, Mikel"
" Bruse, Jan L."," Orduna-Urrutia, Raul"
" Galar, Mikel"," Orduna-Urrutia, Raul"
"Lavi, Ron"," Sattath, O. R."
"Lavi, Ron"," Zohar, Aviv"
" Sattath, O. R."," Zohar, Aviv"
"Sarkodie, Samuel Asumadu"," Ahmed, Maruf Yakubu"
" Ahmed, Maruf Yakubu"," Owusu, Phebe Asantewaa"
"Ma, Rui"," Marshall, Ben R."
"Ma, Rui"," Nguyen, Nhut H."
"Ma, Rui"," Visaltanachoti, Nuttawat"
" Marshall, Ben R."," Nguyen, Nhut H."
" Marshall, Ben R."," Visaltanachoti, Nuttawat"
" Nguyen, Nhut H."," Visaltanachoti, Nuttawat"
"Tovanich, Natkamon"," Soulie, Nicolas"
"Tovanich, Natkamon"," Heulot, Nicolas"
"Tovanich, Natkamon"," Isenberg, Petra"
" Soulie, Nicolas"," Heulot, Nicolas"
" Soulie, Nicolas"," Isenberg, Petra"
" Heulot, Nicolas"," Isenberg, Petra"
"Hinzen, Franz J."," John, Kose"
"Hinzen, Franz J."," Saleh, Fahad"
" John, Kose"," Saleh, Fahad"
"Karabulut, Turgut"," Sari, Salim Sercan"
"Ma, Yu"," Luan, Zhiqian"
"Haffar, Adlane"," Le Fur, Eric"
"Franzoni, Federico"," Daza, Vanesa"
"Ma, Chaoqun"," Tian, Yonggang"
"Ma, Chaoqun"," Hsiao, Shisong"
"Ma, Chaoqun"," Deng, Liurui"
" Tian, Yonggang"," Hsiao, Shisong"
" Tian, Yonggang"," Deng, Liurui"
" Hsiao, Shisong"," Deng, Liurui"
"Sarkodie, Samuel Asumadu"," Leirvik, Thomas"
" Ahmed, Maruf Yakubu"," Leirvik, Thomas"
"Wang, Kai"," Pang, Jun"
"Wang, Kai"," Chen, Dingjie"
"Wang, Kai"," Zhao, Yu"
"Wang, Kai"," Huang, Dapeng"
"Wang, Kai"," Chen, Chen"
"Wang, Kai"," Han, Weili"
" Pang, Jun"," Chen, Dingjie"
" Pang, Jun"," Zhao, Yu"
" Pang, Jun"," Huang, Dapeng"
" Pang, Jun"," Chen, Chen"
" Pang, Jun"," Han, Weili"
" Chen, Dingjie"," Zhao, Yu"
" Chen, Dingjie"," Huang, Dapeng"
" Chen, Dingjie"," Chen, Chen"
" Chen, Dingjie"," Han, Weili"
" Zhao, Yu"," Huang, Dapeng"
" Zhao, Yu"," Chen, Chen"
" Zhao, Yu"," Han, Weili"
" Huang, Dapeng"," Chen, Chen"
" Huang, Dapeng"," Han, Weili"
" Chen, Chen"," Han, Weili"
"Semmouni, Meryem Cherkaoui"," Nitaj, Abderrahmane"
"Semmouni, Meryem Cherkaoui"," Belkasmi, Mostafa"
" Nitaj, Abderrahmane"," Belkasmi, Mostafa"
"Arnosti, Nick"," Weinberg, S. Matthew"
"Nepp, Alexander"," Karpeko, Fedor"
"Bourghelle, David"," Jawadi, Fredj"
"Bourghelle, David"," Rozin, Philippe"
" Jawadi, Fredj"," Rozin, Philippe"
"Mardi, Dhaneshwar"," Howlader, Jaydeep"
"Choudhary, Lehar"," Raj, Kiran"
"Benkoczi, Robert"," Gaur, Daya"
"Benkoczi, Robert"," Nagy, Naya"
"Benkoczi, Robert"," Nagy, Marius"
"Benkoczi, Robert"," Hossain, Shahadat"
" Gaur, Daya"," Nagy, Naya"
" Gaur, Daya"," Nagy, Marius"
" Gaur, Daya"," Hossain, Shahadat"
" Nagy, Naya"," Nagy, Marius"
" Nagy, Naya"," Hossain, Shahadat"
" Nagy, Marius"," Hossain, Shahadat"
"Grujic, Milos"," Soja, Tijana"
"Ha, Taehyun"," Lee, Sangwon"
"Cavalheiro, Gabriel M. do C."," Cavalheiro, Mariana B."
"Bejan, Crina Anina"," Bucerzan, Dominic"
"Bejan, Crina Anina"," Craciun, Mihaela Daciana"
" Bucerzan, Dominic"," Craciun, Mihaela Daciana"
"Devi, E. M. Roopa"," Shanthakumari, R."
"Devi, E. M. Roopa"," Rajdevi, R."
"Devi, E. M. Roopa"," Dineshkumar, S."
"Devi, E. M. Roopa"," Dinesh, A."
"Devi, E. M. Roopa"," Keerthana, M."
" Shanthakumari, R."," Rajdevi, R."
" Shanthakumari, R."," Dineshkumar, S."
" Shanthakumari, R."," Dinesh, A."
" Shanthakumari, R."," Keerthana, M."
" Rajdevi, R."," Dineshkumar, S."
" Rajdevi, R."," Dinesh, A."
" Rajdevi, R."," Keerthana, M."
" Dineshkumar, S."," Dinesh, A."
" Dineshkumar, S."," Keerthana, M."
" Dinesh, A."," Keerthana, M."
"Pereira, Daiane M."," Couto, Rodrigo S."
"Tufan, Ekrem"," Hamarat, Bahattin"
"Tufan, Ekrem"," Yalvac, Aykut"
" Hamarat, Bahattin"," Yalvac, Aykut"
"Baur, Dirk G."," Hoang, Lai T."
"Baur, Dirk G."," Hossain, Md Zakir"
" Hoang, Lai T."," Hossain, Md Zakir"
"Tang, Chun"," Liu, Xiaoxing"
"Tao, Bishenghui"," Dai, Hong-Ning"
"Tao, Bishenghui"," Wu, Jiajing"
"Tao, Bishenghui"," Ho, Ivan Wang-Hei"
"Tao, Bishenghui"," Zheng, Zibin"
"Tao, Bishenghui"," Cheang, Chak Fong"
" Dai, Hong-Ning"," Wu, Jiajing"
" Dai, Hong-Ning"," Ho, Ivan Wang-Hei"
" Dai, Hong-Ning"," Zheng, Zibin"
" Dai, Hong-Ning"," Cheang, Chak Fong"
" Wu, Jiajing"," Ho, Ivan Wang-Hei"
" Wu, Jiajing"," Zheng, Zibin"
" Wu, Jiajing"," Cheang, Chak Fong"
" Ho, Ivan Wang-Hei"," Zheng, Zibin"
" Ho, Ivan Wang-Hei"," Cheang, Chak Fong"
" Zheng, Zibin"," Cheang, Chak Fong"
"Suardi, Sandy"," Rasel, Atiqur Rahman"
"Suardi, Sandy"," Liu, Bin"
" Rasel, Atiqur Rahman"," Liu, Bin"
"Adu-Gyamfi, Daniel"," Ansah, Albert Kofi Kwansah"
"Adu-Gyamfi, Daniel"," Armah, Gabriel Kofi"
"Adu-Gyamfi, Daniel"," Alornyo, Seth"
"Adu-Gyamfi, Daniel"," Adom, Dominic Kwasi"
"Adu-Gyamfi, Daniel"," Zhang, Fengli"
" Ansah, Albert Kofi Kwansah"," Armah, Gabriel Kofi"
" Ansah, Albert Kofi Kwansah"," Alornyo, Seth"
" Ansah, Albert Kofi Kwansah"," Adom, Dominic Kwasi"
" Ansah, Albert Kofi Kwansah"," Zhang, Fengli"
" Armah, Gabriel Kofi"," Alornyo, Seth"
" Armah, Gabriel Kofi"," Adom, Dominic Kwasi"
" Armah, Gabriel Kofi"," Zhang, Fengli"
" Alornyo, Seth"," Adom, Dominic Kwasi"
" Alornyo, Seth"," Zhang, Fengli"
" Adom, Dominic Kwasi"," Zhang, Fengli"
"Kus, Merve Can"," Levi, Albert"
"Moustafa, Housam"," Malli, Mohammad"
"Moustafa, Housam"," Hazimeh, Hussien"
" Malli, Mohammad"," Hazimeh, Hussien"
"Vedaraj, M."," Rani, P. Shobha"
"Vedaraj, M."," Gokul, G. S."
"Vedaraj, M."," Vishal, S. Guru"
"Vedaraj, M."," Harish, J."
" Rani, P. Shobha"," Gokul, G. S."
" Rani, P. Shobha"," Vishal, S. Guru"
" Rani, P. Shobha"," Harish, J."
" Gokul, G. S."," Vishal, S. Guru"
" Gokul, G. S."," Harish, J."
" Vishal, S. Guru"," Harish, J."
"Choi, Sangyup"," Shin, Junhyeok"
"Su, Chi-Wei"," Xi, Yuan"
"Su, Chi-Wei"," Tao, Ran"
"Su, Chi-Wei"," Umar, Muhammad"
" Xi, Yuan"," Tao, Ran"
" Xi, Yuan"," Umar, Muhammad"
" Tao, Ran"," Umar, Muhammad"
"Heinonen, Henri T."," Semenov, Alexander"
"Blasco, N."," Corredor, P."
"Blasco, N."," Satrustegui, N."
" Corredor, P."," Satrustegui, N."
"Muzic, Ivan"," Grzeta, Ivan"
"Lu, Ning"," Chang, Yuan"
"Lu, Ning"," Shi, Wenbo"
"Lu, Ning"," Choo, Kim-Kwang Raymond"
" Chang, Yuan"," Shi, Wenbo"
" Chang, Yuan"," Choo, Kim-Kwang Raymond"
" Shi, Wenbo"," Choo, Kim-Kwang Raymond"
"Mokni, Khaled"," Bouteska, Ahmed"
"Mokni, Khaled"," Nakhli, Mohamed Sahbi"
" Bouteska, Ahmed"," Nakhli, Mohamed Sahbi"
"Wang, Jying-Nan"," Lee, Yen-Hsien"
"Wang, Jying-Nan"," Liu, Hung-Chun"
"Wang, Jying-Nan"," Lee, Ming-Chih"
" Lee, Yen-Hsien"," Liu, Hung-Chun"
" Lee, Yen-Hsien"," Lee, Ming-Chih"
" Liu, Hung-Chun"," Lee, Ming-Chih"
"Ranjan, Sumit"," Kayal, Parthajit"
"Ranjan, Sumit"," Saraf, Malvika"
" Kayal, Parthajit"," Saraf, Malvika"
"Bartoletti, Massimo"," Lande, Stefano"
"Bartoletti, Massimo"," Murgia, Maurizio"
"Bartoletti, Massimo"," Zunino, Roberto"
" Lande, Stefano"," Murgia, Maurizio"
" Lande, Stefano"," Zunino, Roberto"
" Murgia, Maurizio"," Zunino, Roberto"
"Yin, Tao"," Wang, Yiming"
"Bao, Hong"," Li, Jianjun"
"Bao, Hong"," Peng, Yuchao"
"Bao, Hong"," Qu, Qiang"
" Li, Jianjun"," Peng, Yuchao"
" Li, Jianjun"," Qu, Qiang"
" Peng, Yuchao"," Qu, Qiang"
"Wang, Xiaoqing"," Wang, Chunping"
"Wang, Xiaoqing"," Zhou, Kun"
"Wang, Xiaoqing"," Cheng, Hongbing"
" Wang, Chunping"," Zhou, Kun"
" Wang, Chunping"," Cheng, Hongbing"
" Zhou, Kun"," Cheng, Hongbing"
"Akbar, Sumaiya Begum"," Thanupillai, Kalaiselvi"
"Akbar, Sumaiya Begum"," Govindarajan, Valarmathi"
" Thanupillai, Kalaiselvi"," Govindarajan, Valarmathi"
"Tsang, Kwok Ping"," Yang, Zichao"
"Keramiyan, Matin"," Gokmenoglu, Korhan K."
"Malik, Nikhil"," Aseri, Manmohan"
"Malik, Nikhil"," Singh, Param Vir"
"Malik, Nikhil"," Srinivasan, Kannan"
" Aseri, Manmohan"," Singh, Param Vir"
" Aseri, Manmohan"," Srinivasan, Kannan"
" Singh, Param Vir"," Srinivasan, Kannan"
"Baur, Dirk G."," Smales, Lee A."
"Zaman, Salma"," Yaqub, Ussama"
"Zaman, Salma"," Saleem, Tauqeer"
" Yaqub, Ussama"," Saleem, Tauqeer"
"Jouini, Fathi"," Messai, Ahlem Selma"
"Jouini, Fathi"," Derbali, Abdelkader Mohamed Sghaier"
" Messai, Ahlem Selma"," Derbali, Abdelkader Mohamed Sghaier"
"Morillon, Thibaut G."," Chacon, Ryan G."
"Contreras-Valdez, Mario, I"," Antonio Nunez, Jose"
"Contreras-Valdez, Mario, I"," Benavides Perales, Guillermo"
" Antonio Nunez, Jose"," Benavides Perales, Guillermo"
"Kim, Minjae"," Lee, Jinhee"
"Kim, Minjae"," Kwon, Hyunsoo"
"Kim, Minjae"," Hur, Junbeom"
" Lee, Jinhee"," Kwon, Hyunsoo"
" Lee, Jinhee"," Hur, Junbeom"
" Kwon, Hyunsoo"," Hur, Junbeom"
"Wu, Chang-Che"," Ho, Shu-Ling"
"Wu, Chang-Che"," Wu, Chih-Chiang"
" Ho, Shu-Ling"," Wu, Chih-Chiang"
"Cocco, Luisanna"," Tonelli, Roberto"
"Cocco, Luisanna"," Marchesi, Michele"
" Tonelli, Roberto"," Marchesi, Michele"
"Zhou, Chencheng"," Xing, Liudong"
"Zhou, Chencheng"," Guo, Jun"
"Zhou, Chencheng"," Liu, Qisi"
" Xing, Liudong"," Guo, Jun"
" Xing, Liudong"," Liu, Qisi"
" Guo, Jun"," Liu, Qisi"
"Edgari, Eric"," Thiojaya, Jocelyn"
"Edgari, Eric"," Qomariyah, Nunung Nurul"
" Thiojaya, Jocelyn"," Qomariyah, Nunung Nurul"
"Benlagha, Noureddine"," Hemrit, Wael"
"Chen, Shan-Wen"," Liu, Kuan-Po"
"Chen, Shan-Wen"," Tsai, Fu-Ching"
" Liu, Kuan-Po"," Tsai, Fu-Ching"
"Day, Min-Yuh"," Cheng, Yirung"
"Day, Min-Yuh"," Huang, Paoyu"
"Day, Min-Yuh"," Ni, Yensen"
" Cheng, Yirung"," Huang, Paoyu"
" Cheng, Yirung"," Ni, Yensen"
" Huang, Paoyu"," Ni, Yensen"
"Geng, Jinke"," Li, Yi"
"Geng, Jinke"," Fang, Li"
"Geng, Jinke"," Chen, Ping"
" Li, Yi"," Fang, Li"
" Li, Yi"," Chen, Ping"
" Fang, Li"," Chen, Ping"
"Murty, Sarika"," Victor, Vijay"
"Murty, Sarika"," Fekete-Farkas, Maria"
" Victor, Vijay"," Fekete-Farkas, Maria"
"Gerritsen, Dirk F."," Lugtigheid, Rick A. C."
"Gerritsen, Dirk F."," Walther, Thomas"
" Lugtigheid, Rick A. C."," Walther, Thomas"
"Heinonen, Henri T."," Veijalainen, Jari"
"Heinonen, Henri T."," Hamalainen, Timo"
" Semenov, Alexander"," Veijalainen, Jari"
" Semenov, Alexander"," Hamalainen, Timo"
" Veijalainen, Jari"," Hamalainen, Timo"
"Fratric, Peter"," Sileno, Giovanni"
"Fratric, Peter"," Klous, Sander"
"Fratric, Peter"," van Engers, Tom"
" Sileno, Giovanni"," Klous, Sander"
" Sileno, Giovanni"," van Engers, Tom"
" Klous, Sander"," van Engers, Tom"
"Sree, Ch Likhitha"," Meghana, M."
"Sree, Ch Likhitha"," Manjula, R."
"Sree, Ch Likhitha"," Mohan, D."
" Meghana, M."," Manjula, R."
" Meghana, M."," Mohan, D."
" Manjula, R."," Mohan, D."
"Hoque, Mohammad Enamul"," Low, Soo-Wah"
"Maghyereh, Aktham"," Abdoh, Hussein"
"Baur, Dirk G."," Oll, Josua"
"Ye, Zi"," Wu, Yinxu"
"Ye, Zi"," Chen, Hui"
"Ye, Zi"," Pan, Yi"
"Ye, Zi"," Jiang, Qingshan"
" Wu, Yinxu"," Chen, Hui"
" Wu, Yinxu"," Pan, Yi"
" Wu, Yinxu"," Jiang, Qingshan"
" Chen, Hui"," Pan, Yi"
" Chen, Hui"," Jiang, Qingshan"
" Pan, Yi"," Jiang, Qingshan"
"Gkillas, Konstantinos"," Bouri, Elie"
"Gkillas, Konstantinos"," Gupta, Rangan"
"Gkillas, Konstantinos"," Roubaud, David"
" Bouri, Elie"," Gupta, Rangan"
" Bouri, Elie"," Roubaud, David"
" Gupta, Rangan"," Roubaud, David"
"Jahanshahloo, Hossein"," Corbet, Shaen"
"Jahanshahloo, Hossein"," Oxley, Les"
" Corbet, Shaen"," Oxley, Les"
"Mba, Jules Clement"," Mwambi, Sutene Mwambetania"
"Mba, Jules Clement"," Pindza, Edson"
" Mwambi, Sutene Mwambetania"," Pindza, Edson"
"Hernandez, Jose Arreola"," Hasan, Mohammad Zahid"
"Hernandez, Jose Arreola"," McIver, Ron P."
" Hasan, Mohammad Zahid"," McIver, Ron P."
"Calvo-Pardo, Hector F."," Mancini, Tullio"
"Calvo-Pardo, Hector F."," Olmo, Jose"
" Mancini, Tullio"," Olmo, Jose"
"Li, Dongxin"," Hong, Yanran"
"Li, Dongxin"," Wang, Lu"
"Li, Dongxin"," Xu, Pengfei"
"Li, Dongxin"," Pan, Zhigang"
" Hong, Yanran"," Wang, Lu"
" Hong, Yanran"," Xu, Pengfei"
" Hong, Yanran"," Pan, Zhigang"
" Wang, Lu"," Xu, Pengfei"
" Wang, Lu"," Pan, Zhigang"
" Xu, Pengfei"," Pan, Zhigang"
"Li, Ruiguang"," Zhu, Jiawei"
"Li, Ruiguang"," Xu, Dawei"
"Li, Ruiguang"," Wu, Fudong"
"Li, Ruiguang"," Gao, Jiaqi"
"Li, Ruiguang"," Zhu, Liehuang"
" Zhu, Jiawei"," Xu, Dawei"
" Zhu, Jiawei"," Wu, Fudong"
" Zhu, Jiawei"," Gao, Jiaqi"
" Zhu, Jiawei"," Zhu, Liehuang"
" Xu, Dawei"," Wu, Fudong"
" Xu, Dawei"," Gao, Jiaqi"
" Xu, Dawei"," Zhu, Liehuang"
" Wu, Fudong"," Gao, Jiaqi"
" Wu, Fudong"," Zhu, Liehuang"
" Gao, Jiaqi"," Zhu, Liehuang"
"Ghosh, Bikramaditya"," Bouri, Elie"
"Grobys, Klaus"," Huynh, Toan Luu Duc"
"Dogan, Eyup"," Majeed, Muhammad Tariq"
"Dogan, Eyup"," Luni, Tania"
" Majeed, Muhammad Tariq"," Luni, Tania"
"Lally, Nick"," Kay, Kelly"
"Lally, Nick"," Thatcher, Jim"
" Kay, Kelly"," Thatcher, Jim"
"Ali, Md Hakim"," Schinckus, Christophc"
"Ali, Md Hakim"," Uddin, Md Akther"
"Ali, Md Hakim"," Pahlevansharif, Saeed"
" Schinckus, Christophc"," Uddin, Md Akther"
" Schinckus, Christophc"," Pahlevansharif, Saeed"
" Uddin, Md Akther"," Pahlevansharif, Saeed"
"Rajakumar, B. R."," Binu, D."
"Rajakumar, B. R."," Shaek, Mustafizur Rahman"
" Binu, D."," Shaek, Mustafizur Rahman"
"Foley, Sean"," Li, Simeng"
"Foley, Sean"," Malloch, Hamish"
"Foley, Sean"," Svec, Jiri"
" Li, Simeng"," Malloch, Hamish"
" Li, Simeng"," Svec, Jiri"
" Malloch, Hamish"," Svec, Jiri"
"Cai, Yuxin"," Zhu, Zeqi"
"Cai, Yuxin"," Xue, Qi"
"Cai, Yuxin"," Song, Xinyu"
" Zhu, Zeqi"," Xue, Qi"
" Zhu, Zeqi"," Song, Xinyu"
" Xue, Qi"," Song, Xinyu"
"Wang, Chen"," Shen, Dehua"
"Wang, Chen"," Li, Youwei"
" Shen, Dehua"," Li, Youwei"
"Long, Teng"," Xu, Jiasheng"
"Long, Teng"," Fu, Luoyi"
"Long, Teng"," Wang, Xinbing"
" Xu, Jiasheng"," Fu, Luoyi"
" Xu, Jiasheng"," Wang, Xinbing"
" Fu, Luoyi"," Wang, Xinbing"
"Kundra, Harish"," Sharma, Sudhir"
"Kundra, Harish"," Nancy, P."
"Kundra, Harish"," Kalyani, Dasari"
" Sharma, Sudhir"," Nancy, P."
" Sharma, Sudhir"," Kalyani, Dasari"
" Nancy, P."," Kalyani, Dasari"
"Zhang, Chuanhai"," Chen, Haicui"
"Zhang, Chuanhai"," Peng, Zhe"
" Chen, Haicui"," Peng, Zhe"
"Li, Yuze"," Jiang, Shangrong"
"Li, Yuze"," Li, Xuerong"
"Li, Yuze"," Wang, Shouyang"
" Jiang, Shangrong"," Li, Xuerong"
" Jiang, Shangrong"," Wang, Shouyang"
" Li, Xuerong"," Wang, Shouyang"
"Guo, Xinwei"," Cui, Wei"
"Cortesi, Eugenio"," Bruschi, Francesco"
"Cortesi, Eugenio"," Secci, Stefano"
"Cortesi, Eugenio"," Taktak, Sami"
" Bruschi, Francesco"," Secci, Stefano"
" Bruschi, Francesco"," Taktak, Sami"
" Secci, Stefano"," Taktak, Sami"
"Srinivasan, P."," Maity, Bipasha"
"Srinivasan, P."," Kumar, K. Krishna"
" Maity, Bipasha"," Kumar, K. Krishna"
"Aghashahi, Mahsa"," Bamdad, Shahrooz"
"Shahsavari, Yahya"," Zhang, Kaiwen"
"Shahsavari, Yahya"," Talhi, Chamseddine"
" Zhang, Kaiwen"," Talhi, Chamseddine"
"Wang, Guizhou"," Hausken, Kjell"
"Niaz, Haider"," Liu, Jay J."
"Niaz, Haider"," You, Fengqi"
" Liu, Jay J."," You, Fengqi"
"Tapia, Sebastian"," Kristjanpoller, Werner"
"Bruzge, Rasa"," Sapkauskiene, Alfreda"
"Mahgoub, Shereen M."," Ibrahim, I. I."
"Mahgoub, Shereen M."," Salem, Fatty M."
" Ibrahim, I. I."," Salem, Fatty M."
"Ke, Rui"," Yang, Luyao"
"Ke, Rui"," Tan, Changchun"
" Yang, Luyao"," Tan, Changchun"
"Nagula, Pavan Kumar"," Alexakis, Christos"
"Li, Juanjuan"," Ni, Xiaochun"
"Li, Juanjuan"," Yuan, Yong"
"Li, Juanjuan"," Wang, Fei-Yue"
" Ni, Xiaochun"," Yuan, Yong"
" Ni, Xiaochun"," Wang, Fei-Yue"
" Yuan, Yong"," Wang, Fei-Yue"
"Wang, Lei"," Sarker, Provash Kumer"
"Wang, Lei"," Bouri, Elie"
" Sarker, Provash Kumer"," Bouri, Elie"
"Kumar, A. Saran"," Priyanka, S."
"Kumar, A. Saran"," Dhanashree, K."
"Kumar, A. Saran"," Praveen, V"
"Kumar, A. Saran"," Rekha, R."
" Priyanka, S."," Dhanashree, K."
" Priyanka, S."," Praveen, V"
" Priyanka, S."," Rekha, R."
" Dhanashree, K."," Praveen, V"
" Dhanashree, K."," Rekha, R."
" Praveen, V"," Rekha, R."
"De Blasis, Riccardo"," Webb, Alexander"
"Roeck, Martin"," Drennen, Thomas"
"Qian, Lihua"," Wang, Jiqian"
"Qian, Lihua"," Ma, Feng"
"Qian, Lihua"," Li, Ziyang"
" Wang, Jiqian"," Ma, Feng"
" Wang, Jiqian"," Li, Ziyang"
" Ma, Feng"," Li, Ziyang"
"Grobys, Klaus"," Dufitinema, Josephine"
"Grobys, Klaus"," Sapkota, Niranjan"
"Grobys, Klaus"," Kolari, James W."
" Dufitinema, Josephine"," Sapkota, Niranjan"
" Dufitinema, Josephine"," Kolari, James W."
" Sapkota, Niranjan"," Kolari, James W."
"Wen, Fenghua"," Tong, Xi"
"Wen, Fenghua"," Ren, Xiaohang"
" Tong, Xi"," Ren, Xiaohang"
"Choi, Jinho"," Kim, Jaehan"
"Choi, Jinho"," Song, Minkyoo"
"Choi, Jinho"," Kim, Hanna"
"Choi, Jinho"," Park, Nahyeon"
"Choi, Jinho"," Seo, Minjae"
"Choi, Jinho"," Jin, Youngjin"
"Choi, Jinho"," Shin, Seungwon"
" Kim, Jaehan"," Song, Minkyoo"
" Kim, Jaehan"," Kim, Hanna"
" Kim, Jaehan"," Park, Nahyeon"
" Kim, Jaehan"," Seo, Minjae"
" Kim, Jaehan"," Jin, Youngjin"
" Kim, Jaehan"," Shin, Seungwon"
" Song, Minkyoo"," Kim, Hanna"
" Song, Minkyoo"," Park, Nahyeon"
" Song, Minkyoo"," Seo, Minjae"
" Song, Minkyoo"," Jin, Youngjin"
" Song, Minkyoo"," Shin, Seungwon"
" Kim, Hanna"," Park, Nahyeon"
" Kim, Hanna"," Seo, Minjae"
" Kim, Hanna"," Jin, Youngjin"
" Kim, Hanna"," Shin, Seungwon"
" Park, Nahyeon"," Seo, Minjae"
" Park, Nahyeon"," Jin, Youngjin"
" Park, Nahyeon"," Shin, Seungwon"
" Seo, Minjae"," Jin, Youngjin"
" Seo, Minjae"," Shin, Seungwon"
" Jin, Youngjin"," Shin, Seungwon"
"Kumar, Suresh"," Kumar, Ankit"
"Kumar, Suresh"," Singh, Gurcharan"
" Kumar, Ankit"," Singh, Gurcharan"
"Nekhili, Ramzi"," Sultan, Jahangir"
"Zeng, Hongjun"," Ahmed, Abdullahi D."
"Shayegan, Mohammad Javad"," Sabor, Hamid Reza"
"Shayegan, Mohammad Javad"," Uddin, Mueen"
"Shayegan, Mohammad Javad"," Chen, Chin-Ling"
" Sabor, Hamid Reza"," Uddin, Mueen"
" Sabor, Hamid Reza"," Chen, Chin-Ling"
" Uddin, Mueen"," Chen, Chin-Ling"
"Gao, Lingbo"," Ye, Wuyi"
"Gao, Lingbo"," Guo, Ranran"
" Ye, Wuyi"," Guo, Ranran"
"Syuhada, Khreshna"," Suprijanto, Djoko"
"Syuhada, Khreshna"," Hakim, Arief"
" Suprijanto, Djoko"," Hakim, Arief"
"Dai, Maoyu"," Qamruzzaman, Md."
"Dai, Maoyu"," Hamadelneel Adow, Anass"
" Qamruzzaman, Md."," Hamadelneel Adow, Anass"
"Eksi, Zehra"," Schreitl, Daniel"
"Tedeschi, Enrico"," Nordmo, Tor-Arne S."
"Tedeschi, Enrico"," Johansen, Dag"
"Tedeschi, Enrico"," Johansen, Havard D."
" Nordmo, Tor-Arne S."," Johansen, Dag"
" Nordmo, Tor-Arne S."," Johansen, Havard D."
" Johansen, Dag"," Johansen, Havard D."
"Blanco, Jose A."," Tallon-Ballesteros, Antonio J."
"Choi, Jinho"," Lee, Taehwa"
"Choi, Jinho"," Kim, Kwanwoo"
"Choi, Jinho"," Cui, Jian"
" Lee, Taehwa"," Kim, Kwanwoo"
" Lee, Taehwa"," Seo, Minjae"
" Lee, Taehwa"," Cui, Jian"
" Lee, Taehwa"," Shin, Seungwon"
" Kim, Kwanwoo"," Seo, Minjae"
" Kim, Kwanwoo"," Cui, Jian"
" Kim, Kwanwoo"," Shin, Seungwon"
" Seo, Minjae"," Cui, Jian"
" Cui, Jian"," Shin, Seungwon"
"Grira, Jocelyn"," Guizani, Sana"
"Grira, Jocelyn"," Kahloul, Ines"
" Guizani, Sana"," Kahloul, Ines"
"Yi, Yongsheng"," He, Mengxi"
"Yi, Yongsheng"," Zhang, Yaojie"
" He, Mengxi"," Zhang, Yaojie"
"Sun, Wei"," Jin, Haitao"
"Sun, Wei"," Jin, Fengjun"
"Sun, Wei"," Kong, Lingming"
"Sun, Wei"," Peng, Yihao"
"Sun, Wei"," Dai, Zhengjun"
" Jin, Haitao"," Jin, Fengjun"
" Jin, Haitao"," Kong, Lingming"
" Jin, Haitao"," Peng, Yihao"
" Jin, Haitao"," Dai, Zhengjun"
" Jin, Fengjun"," Kong, Lingming"
" Jin, Fengjun"," Peng, Yihao"
" Jin, Fengjun"," Dai, Zhengjun"
" Kong, Lingming"," Peng, Yihao"
" Kong, Lingming"," Dai, Zhengjun"
" Peng, Yihao"," Dai, Zhengjun"
"Ahamed, S. Aarif"," Ravi, Chandrasekar"
"Luo, Xiangyang"," Zhang, Pei"
"Luo, Xiangyang"," Zhang, Mingliang"
"Luo, Xiangyang"," Li, Hao"
"Luo, Xiangyang"," Cheng, Qingfeng"
" Zhang, Pei"," Zhang, Mingliang"
" Zhang, Pei"," Li, Hao"
" Zhang, Pei"," Cheng, Qingfeng"
" Zhang, Mingliang"," Li, Hao"
" Zhang, Mingliang"," Cheng, Qingfeng"
" Li, Hao"," Cheng, Qingfeng"
"Kumar, Anoop S."," Padakandla, Steven Raj"
"Elsayed, Ahmed H."," Gozgor, Giray"
"Elsayed, Ahmed H."," Lau, Chi Keung Marco"
" Gozgor, Giray"," Lau, Chi Keung Marco"
"Parvini, Navid"," Abdollahi, Mahsa"
"Parvini, Navid"," Seifollahi, Sattar"
"Parvini, Navid"," Ahmadian, Davood"
" Abdollahi, Mahsa"," Seifollahi, Sattar"
" Abdollahi, Mahsa"," Ahmadian, Davood"
" Seifollahi, Sattar"," Ahmadian, Davood"
"Liu, Yulin"," Zhang, Luyao"
"Liu, Yulin"," Zhao, Yinhong"
" Zhang, Luyao"," Zhao, Yinhong"
"Rathore, Rajat Kumar"," Mishra, Deepti"
"Rathore, Rajat Kumar"," Mehra, Pawan Singh"
"Rathore, Rajat Kumar"," Pal, Om"
"Rathore, Rajat Kumar"," Hashim, Ahmad Sobri"
"Rathore, Rajat Kumar"," Shap'i, Azrulhizam"
"Rathore, Rajat Kumar"," Ciano, T."
"Rathore, Rajat Kumar"," Shutaywi, Meshal"
" Mishra, Deepti"," Mehra, Pawan Singh"
" Mishra, Deepti"," Pal, Om"
" Mishra, Deepti"," Hashim, Ahmad Sobri"
" Mishra, Deepti"," Shap'i, Azrulhizam"
" Mishra, Deepti"," Ciano, T."
" Mishra, Deepti"," Shutaywi, Meshal"
" Mehra, Pawan Singh"," Pal, Om"
" Mehra, Pawan Singh"," Hashim, Ahmad Sobri"
" Mehra, Pawan Singh"," Shap'i, Azrulhizam"
" Mehra, Pawan Singh"," Ciano, T."
" Mehra, Pawan Singh"," Shutaywi, Meshal"
" Pal, Om"," Hashim, Ahmad Sobri"
" Pal, Om"," Shap'i, Azrulhizam"
" Pal, Om"," Ciano, T."
" Pal, Om"," Shutaywi, Meshal"
" Hashim, Ahmad Sobri"," Shap'i, Azrulhizam"
" Hashim, Ahmad Sobri"," Ciano, T."
" Hashim, Ahmad Sobri"," Shutaywi, Meshal"
" Shap'i, Azrulhizam"," Ciano, T."
" Shap'i, Azrulhizam"," Shutaywi, Meshal"
" Ciano, T."," Shutaywi, Meshal"
"Kang, LiYan"," Shang, Ying"
"Kang, LiYan"," Zhang, MuXin"
"Kang, LiYan"," Liao, LiYing"
" Shang, Ying"," Zhang, MuXin"
" Shang, Ying"," Liao, LiYing"
" Zhang, MuXin"," Liao, LiYing"
"Popova, Ivilina"," Yau, Jot K."
"Zahid, Mamoona"," Iqbal, Farhat"
"Zahid, Mamoona"," Raziq, Abdul"
"Zahid, Mamoona"," Sheikh, Naveed"
" Iqbal, Farhat"," Raziq, Abdul"
" Iqbal, Farhat"," Sheikh, Naveed"
" Raziq, Abdul"," Sheikh, Naveed"
"Critien, Jacques Vella"," Gatt, Albert"
"Critien, Jacques Vella"," Ellul, Joshua"
" Gatt, Albert"," Ellul, Joshua"
"Mohamad, Azhar"," Inani, Sarveshwar Kumar"
"Yang, Cai"," Wang, Xinyi"
"Yang, Cai"," Gao, Wang"
" Wang, Xinyi"," Gao, Wang"
"Jana, Rabin K."," Ghosh, Indranil"
"Jana, Rabin K."," Wallin, Martin W."
" Ghosh, Indranil"," Wallin, Martin W."
"Watorek, Marcin"," Kwapien, Jaroslaw"
"Watorek, Marcin"," Drozdz, Stanislaw"
" Kwapien, Jaroslaw"," Drozdz, Stanislaw"
"Hou, Yang (Greg)"," Li, Yujia"
"Hou, Yang (Greg)"," Hu, Yang"
"Hou, Yang (Greg)"," Oxley, Les"
" Li, Yujia"," Hu, Yang"
" Li, Yujia"," Oxley, Les"
" Hu, Yang"," Oxley, Les"
"Ren, Xiaohang"," Wang, Rui"
"Ren, Xiaohang"," Duan, Kun"
"Ren, Xiaohang"," Chen, Jinyu"
" Wang, Rui"," Duan, Kun"
" Wang, Rui"," Chen, Jinyu"
" Duan, Kun"," Chen, Jinyu"
"Nakagawa, Kei"," Sakemoto, Ryuta"
"Alarab, Ismail"," Prakoonwit, Simant"
"Groce, Alex"," Jain, Kush"
"Groce, Alex"," van Tonder, Rijnard"
"Groce, Alex"," Kalburgi, Goutamkumar Tulajappa"
"Groce, Alex"," Le Goues, Claire"
" Jain, Kush"," van Tonder, Rijnard"
" Jain, Kush"," Kalburgi, Goutamkumar Tulajappa"
" Jain, Kush"," Le Goues, Claire"
" van Tonder, Rijnard"," Kalburgi, Goutamkumar Tulajappa"
" van Tonder, Rijnard"," Le Goues, Claire"
" Kalburgi, Goutamkumar Tulajappa"," Le Goues, Claire"
"Diaconasu, Delia-Elena"," Mehdian, Seyed"
"Diaconasu, Delia-Elena"," Stoica, Ovidiu"
" Mehdian, Seyed"," Stoica, Ovidiu"
"Cevik, Emrah Ismail"," Gunay, Samet"
"Cevik, Emrah Ismail"," Bugan, Mehmet Fatih"
"Cevik, Emrah Ismail"," Dibooglu, Sel"
" Gunay, Samet"," Bugan, Mehmet Fatih"
" Gunay, Samet"," Dibooglu, Sel"
" Bugan, Mehmet Fatih"," Dibooglu, Sel"
"Yan, Yu"," Lei, Yiming"
"Yan, Yu"," Wang, Yiming"
" Lei, Yiming"," Wang, Yiming"
"Zhang, Lihao"," Wang, Taotao"
"Zhang, Lihao"," Liew, Soung Chang"
" Wang, Taotao"," Liew, Soung Chang"
"Tong, Zhongwen"," Chen, Zhanbo"
"Tong, Zhongwen"," Zhu, Chen"
" Chen, Zhanbo"," Zhu, Chen"
"Sharifi, Azita Sherej"," Ghorbanpour, Mousa Zalaki"
"Demmler, Michael"," Fernandez Dominguez, Amilcar Orlian"
"Kinkeldey, Christoph"," Fekete, Jean-Daniel"
"Kinkeldey, Christoph"," Blascheck, Tanja"
"Kinkeldey, Christoph"," Isenberg, Petra"
" Fekete, Jean-Daniel"," Blascheck, Tanja"
" Fekete, Jean-Daniel"," Isenberg, Petra"
" Blascheck, Tanja"," Isenberg, Petra"
"Akilandeswari, R."," Malathi, S."
"Phochanachan, Panisara"," Pirabun, Nootchanat"
"Phochanachan, Panisara"," Leurcharusmee, Supanika"
"Phochanachan, Panisara"," Yamaka, Woraphon"
" Pirabun, Nootchanat"," Leurcharusmee, Supanika"
" Pirabun, Nootchanat"," Yamaka, Woraphon"
" Leurcharusmee, Supanika"," Yamaka, Woraphon"
"Zhang, Weijian"," Wang, Hao"
"Zhang, Weijian"," Hua, Hao"
"Zhang, Weijian"," Wang, Qirun"
" Wang, Hao"," Hua, Hao"
" Wang, Hao"," Wang, Qirun"
" Hua, Hao"," Wang, Qirun"
"Chen, Kuo-Shing"," Chang, Shen-Ho"
"Misic, Vojislav B."," Misic, Jelena"
"Misic, Vojislav B."," Chang, Xiaolin"
" Misic, Jelena"," Chang, Xiaolin"
"Zhang, Shengao"," Li, Mengze"
"Zhang, Shengao"," Yan, Chunxiao"
" Li, Mengze"," Yan, Chunxiao"
"Vladimir Rodriguez-Caballero, C."," Villanueva-Dominguez, Mauricio"
"Ma, Donglian"," Tanizaki, Hisashi"
"Mensah, Isaac Kofi"," Mwakapesa, Deborah Simon"
"Arwatchanakarn, Popkarn"," Kuendee, Hathaichanok"
"Arwatchanakarn, Popkarn"," Srijunngam, Jakravut"
" Kuendee, Hathaichanok"," Srijunngam, Jakravut"
"Panda, Mrutyunjaya"," Abraham, Ajith"
"Gatabazi, P."," Mba, J. C."
"Gatabazi, P."," Pindza, E."
" Mba, J. C."," Pindza, E."
"de Vries, Alex"," Gallersdoerfer, Ulrich"
"de Vries, Alex"," Klaassen, Lena"
"de Vries, Alex"," Stoll, Christian"
" Gallersdoerfer, Ulrich"," Klaassen, Lena"
" Gallersdoerfer, Ulrich"," Stoll, Christian"
" Klaassen, Lena"," Stoll, Christian"
"McMillan, Benjamin"," Myers, Joshua"
"McMillan, Benjamin"," Nguyen, An"
"McMillan, Benjamin"," Robinson, Don"
"McMillan, Benjamin"," Kennard, Mark"
" Myers, Joshua"," Nguyen, An"
" Myers, Joshua"," Robinson, Don"
" Myers, Joshua"," Kennard, Mark"
" Nguyen, An"," Robinson, Don"
" Nguyen, An"," Kennard, Mark"
" Robinson, Don"," Kennard, Mark"
"Li, Xiangyu"," Wang, Xinyu"
"Li, Xiangyu"," Kong, Tingli"
"Li, Xiangyu"," Zheng, Junhao"
"Li, Xiangyu"," Luo, Min"
" Wang, Xinyu"," Kong, Tingli"
" Wang, Xinyu"," Zheng, Junhao"
" Wang, Xinyu"," Luo, Min"
" Kong, Tingli"," Zheng, Junhao"
" Kong, Tingli"," Luo, Min"
" Zheng, Junhao"," Luo, Min"
"Anitha, H. M."," Rajeshwari, K."
"Anitha, H. M."," Preetha, S."
" Rajeshwari, K."," Preetha, S."
"Partida, Alberto"," Gerassis, Saki"
"Partida, Alberto"," Criado, Regino"
"Partida, Alberto"," Romance, Miguel"
"Partida, Alberto"," Giraldez, Eduardo"
"Partida, Alberto"," Taboada, Javier"
" Gerassis, Saki"," Criado, Regino"
" Gerassis, Saki"," Romance, Miguel"
" Gerassis, Saki"," Giraldez, Eduardo"
" Gerassis, Saki"," Taboada, Javier"
" Criado, Regino"," Romance, Miguel"
" Criado, Regino"," Giraldez, Eduardo"
" Criado, Regino"," Taboada, Javier"
" Romance, Miguel"," Giraldez, Eduardo"
" Romance, Miguel"," Taboada, Javier"
" Giraldez, Eduardo"," Taboada, Javier"
"Sharma, Udayan"," Karmakar, Madhusudan"
"Yan, Guanghui"," Wang, Shan"
"Yan, Guanghui"," Li, Shikui"
"Yan, Guanghui"," Lu, Binwei"
" Wang, Shan"," Li, Shikui"
" Wang, Shan"," Lu, Binwei"
" Li, Shikui"," Lu, Binwei"
"Shahzad, Syed Jawad Hussain"," Anas, Muhammad"
"Shahzad, Syed Jawad Hussain"," Bouri, Elie"
" Anas, Muhammad"," Bouri, Elie"
"Zhang, Xinchen"," Zhang, Linghao"
"Zhang, Xinchen"," Zhou, Qincheng"
"Zhang, Xinchen"," Jin, Xu"
" Zhang, Linghao"," Zhou, Qincheng"
" Zhang, Linghao"," Jin, Xu"
" Zhou, Qincheng"," Jin, Xu"
"Truby, Jon"," Brown, Rafael Dean"
"Truby, Jon"," Dahdal, Andrew"
"Truby, Jon"," Ibrahim, Imad"
" Brown, Rafael Dean"," Dahdal, Andrew"
" Brown, Rafael Dean"," Ibrahim, Imad"
" Dahdal, Andrew"," Ibrahim, Imad"
"Turner, Adam Brian"," McCombie, Stephen"
"Turner, Adam Brian"," Uhlmann, Allon J."
" McCombie, Stephen"," Uhlmann, Allon J."
"Dutta, Anupam"," Bouri, Elie"
"Vasiliauskaite, Vaiva"," Lillo, Fabrizio"
"Vasiliauskaite, Vaiva"," Antulov-Fantulin, Nino"
" Lillo, Fabrizio"," Antulov-Fantulin, Nino"
"Suslenko, V"," Zatonatska, T."
"Suslenko, V"," Dluhopolskyi, O."
"Suslenko, V"," Kuznyetsova, A."
" Zatonatska, T."," Dluhopolskyi, O."
" Zatonatska, T."," Kuznyetsova, A."
" Dluhopolskyi, O."," Kuznyetsova, A."
"Wang, Qian"," Wei, Yu"
"Wang, Qian"," Wang, Yao"
"Wang, Qian"," Liu, Yuntong"
" Wei, Yu"," Wang, Yao"
" Wei, Yu"," Liu, Yuntong"
" Wang, Yao"," Liu, Yuntong"
"Chen, Conghui"," Liu, Lanlan"
"Xue, Qianyi"," Ling, Yuewei"
"Xue, Qianyi"," Tian, Bingwei"
" Ling, Yuewei"," Tian, Bingwei"
"Zhu, Haoran"," Chang, Xiaolin"
"Zhu, Haoran"," Misic, Jelena"
"Zhu, Haoran"," Misic, Vojislav B."
"Zhu, Haoran"," Yang, Runkai"
" Chang, Xiaolin"," Misic, Jelena"
" Chang, Xiaolin"," Misic, Vojislav B."
" Chang, Xiaolin"," Yang, Runkai"
" Misic, Jelena"," Misic, Vojislav B."
" Misic, Jelena"," Yang, Runkai"
" Misic, Vojislav B."," Yang, Runkai"
"Bejaoui, Azza"," Mgadmi, Nidhal"
"Bejaoui, Azza"," Moussa, Wajdi"
" Mgadmi, Nidhal"," Moussa, Wajdi"
"Schinckus, Christophe", Canh Phuc Nguyen
"Schinckus, Christophe"," Chong, Felicia Hui Ling"
 Canh Phuc Nguyen," Chong, Felicia Hui Ling"
"Huang, Guan-Ying"," Gau, Yin-Feng"
"Huang, Guan-Ying"," Wu, Zhen-Xing"
" Gau, Yin-Feng"," Wu, Zhen-Xing"
"Shang, Guangzhi"," Ilk, Noyan"
"Shang, Guangzhi"," Fan, Shaokun"
" Ilk, Noyan"," Fan, Shaokun"
"Mahdi, Esam"," Al-Abdulla, Ameena"
"Theodossiou, Panayiotis"," Ellina, Polina"
"Theodossiou, Panayiotis"," Savva, Christos S."
" Ellina, Polina"," Savva, Christos S."
"Attarzadeh, Amirreza"," Balcilar, Mehmet"
"Sang, Xuejia"," Leng, Xiaopeng"
"Sang, Xuejia"," Xue, Linfu"
"Sang, Xuejia"," Ran, Xiangjin"
" Leng, Xiaopeng"," Xue, Linfu"
" Leng, Xiaopeng"," Ran, Xiangjin"
" Xue, Linfu"," Ran, Xiangjin"
"Shi, Cheng"," Yoneyama, Kazuki"
"Tang, Tao"," Wang, Yanchen"
"Minutolo, Marcel C."," Kristjanpoller, Werner"
"Minutolo, Marcel C."," Dheeriya, Prakash"
" Kristjanpoller, Werner"," Dheeriya, Prakash"
"Rosele, Muhammad Ikhlas"," Muneem, Abdul"
"Rosele, Muhammad Ikhlas"," Seman, Azizi Bin Che"
"Rosele, Muhammad Ikhlas"," Abdullah, Luqman Bin Haji"
"Rosele, Muhammad Ikhlas"," Rahman, Noor Naemah Binti Abdul"
"Rosele, Muhammad Ikhlas"," Sukor, Mohd Edil Bin Abd"
"Rosele, Muhammad Ikhlas"," Bin Ali, Abdul Karim"
" Muneem, Abdul"," Seman, Azizi Bin Che"
" Muneem, Abdul"," Abdullah, Luqman Bin Haji"
" Muneem, Abdul"," Rahman, Noor Naemah Binti Abdul"
" Muneem, Abdul"," Sukor, Mohd Edil Bin Abd"
" Muneem, Abdul"," Bin Ali, Abdul Karim"
" Seman, Azizi Bin Che"," Abdullah, Luqman Bin Haji"
" Seman, Azizi Bin Che"," Rahman, Noor Naemah Binti Abdul"
" Seman, Azizi Bin Che"," Sukor, Mohd Edil Bin Abd"
" Seman, Azizi Bin Che"," Bin Ali, Abdul Karim"
" Abdullah, Luqman Bin Haji"," Rahman, Noor Naemah Binti Abdul"
" Abdullah, Luqman Bin Haji"," Sukor, Mohd Edil Bin Abd"
" Abdullah, Luqman Bin Haji"," Bin Ali, Abdul Karim"
" Rahman, Noor Naemah Binti Abdul"," Sukor, Mohd Edil Bin Abd"
" Rahman, Noor Naemah Binti Abdul"," Bin Ali, Abdul Karim"
" Sukor, Mohd Edil Bin Abd"," Bin Ali, Abdul Karim"
"Miao, Zhongqi"," Huang, Wenxuan"
"Ma, Junjun"," Wang, Tingting"
"Ma, Junjun"," Zhao, Ruwei"
" Wang, Tingting"," Zhao, Ruwei"
"Yi, Eojin"," Ahn, Kwangwon"
"Yi, Eojin"," Choi, M. Y."
" Ahn, Kwangwon"," Choi, M. Y."
"Chen, Meichen"," Qin, Cong"
"Chen, Meichen"," Zhang, Xiaoyu"
" Qin, Cong"," Zhang, Xiaoyu"
"Trichilli, Yousra"," Abbes, Mouna Boujelbene"
"Diniz, Renan"," de Prince, Diogo"
"Diniz, Renan"," Maciel, Leandro"
" de Prince, Diogo"," Maciel, Leandro"
"Raza, Syed Ali"," Yarovaya, Larisa"
"Raza, Syed Ali"," Guesmi, Khaled"
"Raza, Syed Ali"," Shah, Nida"
" Yarovaya, Larisa"," Guesmi, Khaled"
" Yarovaya, Larisa"," Shah, Nida"
" Guesmi, Khaled"," Shah, Nida"
"Mandaci, Pinar Evrim"," Cagli, Efe Caglar"
"Passalis, Nikolaos"," Avramelou, Loukia"
"Passalis, Nikolaos"," Seficha, Solon"
"Passalis, Nikolaos"," Tsantekidis, Avraam"
"Passalis, Nikolaos"," Doropoulos, Stavros"
"Passalis, Nikolaos"," Makris, Giorgos"
"Passalis, Nikolaos"," Tefas, Anastasios"
" Avramelou, Loukia"," Seficha, Solon"
" Avramelou, Loukia"," Tsantekidis, Avraam"
" Avramelou, Loukia"," Doropoulos, Stavros"
" Avramelou, Loukia"," Makris, Giorgos"
" Avramelou, Loukia"," Tefas, Anastasios"
" Seficha, Solon"," Tsantekidis, Avraam"
" Seficha, Solon"," Doropoulos, Stavros"
" Seficha, Solon"," Makris, Giorgos"
" Seficha, Solon"," Tefas, Anastasios"
" Tsantekidis, Avraam"," Doropoulos, Stavros"
" Tsantekidis, Avraam"," Makris, Giorgos"
" Tsantekidis, Avraam"," Tefas, Anastasios"
" Doropoulos, Stavros"," Makris, Giorgos"
" Doropoulos, Stavros"," Tefas, Anastasios"
" Makris, Giorgos"," Tefas, Anastasios"
"Cao, Haotian"," Yin, Hao"
"Cao, Haotian"," Gao, Feng"
"Cao, Haotian"," Zhang, Zijian"
"Cao, Haotian"," Khoussainov, Bakh"
"Cao, Haotian"," Xu, Shubin"
"Cao, Haotian"," Zhu, Liehuang"
" Yin, Hao"," Gao, Feng"
" Yin, Hao"," Zhang, Zijian"
" Yin, Hao"," Khoussainov, Bakh"
" Yin, Hao"," Xu, Shubin"
" Yin, Hao"," Zhu, Liehuang"
" Gao, Feng"," Zhang, Zijian"
" Gao, Feng"," Khoussainov, Bakh"
" Gao, Feng"," Xu, Shubin"
" Gao, Feng"," Zhu, Liehuang"
" Zhang, Zijian"," Khoussainov, Bakh"
" Zhang, Zijian"," Xu, Shubin"
" Zhang, Zijian"," Zhu, Liehuang"
" Khoussainov, Bakh"," Xu, Shubin"
" Khoussainov, Bakh"," Zhu, Liehuang"
" Xu, Shubin"," Zhu, Liehuang"
"Kavitha, Rose"," Kumar, Ashish"
"Kavitha, Rose"," Pearline, B. Sheeba"
"Kavitha, Rose"," Agarwal, Rajiv Kumar"
"Kavitha, Rose"," Verma, Vivek Kumar"
" Kumar, Ashish"," Pearline, B. Sheeba"
" Kumar, Ashish"," Agarwal, Rajiv Kumar"
" Kumar, Ashish"," Verma, Vivek Kumar"
" Pearline, B. Sheeba"," Agarwal, Rajiv Kumar"
" Pearline, B. Sheeba"," Verma, Vivek Kumar"
" Agarwal, Rajiv Kumar"," Verma, Vivek Kumar"
"Ante, Lennart"," Fiedler, Ingo"
"Ante, Lennart"," von Meduna, Marc"
"Ante, Lennart"," Steinmetz, Fred"
" Fiedler, Ingo"," von Meduna, Marc"
" Fiedler, Ingo"," Steinmetz, Fred"
" von Meduna, Marc"," Steinmetz, Fred"
"Diaconasu, Delia Elena"," Mehdian, Seyed M."
"Diaconasu, Delia Elena"," Stoica, Ovidiu"
" Mehdian, Seyed M."," Stoica, Ovidiu"
"Arfaoui, Nadia"," Yousaf, Imran"
"Qadan, Mahmoud"," Aharon, David Y."
"Qadan, Mahmoud"," Eichel, Ron"
" Aharon, David Y."," Eichel, Ron"
"Jain, Anupam"," Jain, Vinita"
"Mnif, Emna"," Mouakhar, Khaireddine"
"Mnif, Emna"," Jarboui, Anis"
" Mouakhar, Khaireddine"," Jarboui, Anis"
"Kumar, Vivek"," Singh, Mayank"
"Azimy, Hamid"," Ghorbani, Ali A."
"Azimy, Hamid"," Bagheri, Ebrahim"
" Ghorbani, Ali A."," Bagheri, Ebrahim"
"Ul Haq, Inzamam"," Maneengam, Apichit"
"Ul Haq, Inzamam"," Chupradit, Supat"
"Ul Haq, Inzamam"," Huo, Chunhui"
" Maneengam, Apichit"," Chupradit, Supat"
" Maneengam, Apichit"," Huo, Chunhui"
" Chupradit, Supat"," Huo, Chunhui"
"Shahzad, Syed Jawad Hussain"," Ahmad, Tanveer"
"Shahzad, Syed Jawad Hussain"," Naeem, Muhammad Abubakr"
" Bouri, Elie"," Ahmad, Tanveer"
" Bouri, Elie"," Naeem, Muhammad Abubakr"
" Ahmad, Tanveer"," Naeem, Muhammad Abubakr"
"Kumar, Pawan", Reshma
"Kumar, Pawan"," Sharma, Kamal Kant"
"Kumar, Pawan"," Gandhar, Abhishek"
 Reshma," Sharma, Kamal Kant"
 Reshma," Gandhar, Abhishek"
" Sharma, Kamal Kant"," Gandhar, Abhishek"
"Erdogan, Sinan"," Ahmed, Maruf Yakubu"
"Erdogan, Sinan"," Sarkodie, Samuel Asumadu"
" Ahmed, Maruf Yakubu"," Sarkodie, Samuel Asumadu"
"Masso, Matilde"," Shevchenko, Anastasiya"
"Masso, Matilde"," Abalde-Bastero, Nazaret"
" Shevchenko, Anastasiya"," Abalde-Bastero, Nazaret"
"Kumar, Ashish"," Iqbal, Najaf"
"Kumar, Ashish"," Mitra, Subrata Kumar"
"Kumar, Ashish"," Kristoufek, Ladislav"
"Kumar, Ashish"," Bouri, Elie"
" Iqbal, Najaf"," Mitra, Subrata Kumar"
" Iqbal, Najaf"," Kristoufek, Ladislav"
" Iqbal, Najaf"," Bouri, Elie"
" Mitra, Subrata Kumar"," Kristoufek, Ladislav"
" Mitra, Subrata Kumar"," Bouri, Elie"
" Kristoufek, Ladislav"," Bouri, Elie"
"Nyakurukwa, Kingstone"," Seetharam, Yudhvir"
"Alston, Eric"," Law, Wilson"
"Alston, Eric"," Murtazashvili, Ilia"
"Alston, Eric"," Weiss, Martin"
" Law, Wilson"," Murtazashvili, Ilia"
" Law, Wilson"," Weiss, Martin"
" Murtazashvili, Ilia"," Weiss, Martin"
"Thomas, Tyler"," Edwards, Tiffanie"
"Thomas, Tyler"," Baggili, Ibrahim"
" Edwards, Tiffanie"," Baggili, Ibrahim"
"Zainal, Dr. M. Anna Gustina"," Borda, Ricardo Fernando Cosio"
"Zainal, Dr. M. Anna Gustina"," Algani, Yousef Methkal Abd"
"Zainal, Dr. M. Anna Gustina"," Yakkala, Mr. Bhaskarrao"
"Zainal, Dr. M. Anna Gustina"," Sanjith, Dr. S."
"Zainal, Dr. M. Anna Gustina"," Muda, Iskandar"
"Zainal, Dr. M. Anna Gustina"," Kalaichelvi, T."
"Zainal, Dr. M. Anna Gustina"," Mahendran, M."
"Zainal, Dr. M. Anna Gustina"," Bala, B. Kiran"
" Borda, Ricardo Fernando Cosio"," Algani, Yousef Methkal Abd"
" Borda, Ricardo Fernando Cosio"," Yakkala, Mr. Bhaskarrao"
" Borda, Ricardo Fernando Cosio"," Sanjith, Dr. S."
" Borda, Ricardo Fernando Cosio"," Muda, Iskandar"
" Borda, Ricardo Fernando Cosio"," Kalaichelvi, T."
" Borda, Ricardo Fernando Cosio"," Mahendran, M."
" Borda, Ricardo Fernando Cosio"," Bala, B. Kiran"
" Algani, Yousef Methkal Abd"," Yakkala, Mr. Bhaskarrao"
" Algani, Yousef Methkal Abd"," Sanjith, Dr. S."
" Algani, Yousef Methkal Abd"," Muda, Iskandar"
" Algani, Yousef Methkal Abd"," Kalaichelvi, T."
" Algani, Yousef Methkal Abd"," Mahendran, M."
" Algani, Yousef Methkal Abd"," Bala, B. Kiran"
" Yakkala, Mr. Bhaskarrao"," Sanjith, Dr. S."
" Yakkala, Mr. Bhaskarrao"," Muda, Iskandar"
" Yakkala, Mr. Bhaskarrao"," Kalaichelvi, T."
" Yakkala, Mr. Bhaskarrao"," Mahendran, M."
" Yakkala, Mr. Bhaskarrao"," Bala, B. Kiran"
" Sanjith, Dr. S."," Muda, Iskandar"
" Sanjith, Dr. S."," Kalaichelvi, T."
" Sanjith, Dr. S."," Mahendran, M."
" Sanjith, Dr. S."," Bala, B. Kiran"
" Muda, Iskandar"," Kalaichelvi, T."
" Muda, Iskandar"," Mahendran, M."
" Muda, Iskandar"," Bala, B. Kiran"
" Kalaichelvi, T."," Mahendran, M."
" Kalaichelvi, T."," Bala, B. Kiran"
" Mahendran, M."," Bala, B. Kiran"
"Bahamazava, Katsiaryna"," Nanda, Rohan"
"Poojaa, K. Harshini"," Kumar, S. Ganesh"
"Barbu, Teodora Cristina"," Boitan, Iustina Alina"
"Barbu, Teodora Cristina"," Cepoi, Cosmin-Octavian"
" Boitan, Iustina Alina"," Cepoi, Cosmin-Octavian"
"Apostu, Simona Andreea"," Panait, Mirela"
"Apostu, Simona Andreea"," Vasa, Laszlo"
"Apostu, Simona Andreea"," Mihaescu, Constanta"
"Apostu, Simona Andreea"," Dobrowolski, Zbyslaw"
" Panait, Mirela"," Vasa, Laszlo"
" Panait, Mirela"," Mihaescu, Constanta"
" Panait, Mirela"," Dobrowolski, Zbyslaw"
" Vasa, Laszlo"," Mihaescu, Constanta"
" Vasa, Laszlo"," Dobrowolski, Zbyslaw"
" Mihaescu, Constanta"," Dobrowolski, Zbyslaw"
"Kim, Jong-Min"," Cho, Chanho"
"Kim, Jong-Min"," Jun, Chulhee"
" Cho, Chanho"," Jun, Chulhee"
"Di Scala, Antonio J."," Gangemi, Andrea"
"Di Scala, Antonio J."," Romeo, Giuliano"
"Di Scala, Antonio J."," Vernetti, Gabriele"
" Gangemi, Andrea"," Romeo, Giuliano"
" Gangemi, Andrea"," Vernetti, Gabriele"
" Romeo, Giuliano"," Vernetti, Gabriele"
"Javier Garcia-Corral, Francisco"," Antonio Cordero-Garcia, Jose"
"Javier Garcia-Corral, Francisco"," de Pablo-Valenciano, Jaime"
"Javier Garcia-Corral, Francisco"," Uribe-Toril, Juan"
" Antonio Cordero-Garcia, Jose"," de Pablo-Valenciano, Jaime"
" Antonio Cordero-Garcia, Jose"," Uribe-Toril, Juan"
" de Pablo-Valenciano, Jaime"," Uribe-Toril, Juan"
"Islam, Md Rafiqul"," Rashid, Muhammad Mahbubur"
"Islam, Md Rafiqul"," Rahman, Mohammed Ataur"
"Islam, Md Rafiqul"," Bin Mohamad, Muslim Har Sani"
"Islam, Md Rafiqul"," Bin Embong, Abd Halim"
" Rashid, Muhammad Mahbubur"," Rahman, Mohammed Ataur"
" Rashid, Muhammad Mahbubur"," Bin Mohamad, Muslim Har Sani"
" Rashid, Muhammad Mahbubur"," Bin Embong, Abd Halim"
" Rahman, Mohammed Ataur"," Bin Mohamad, Muslim Har Sani"
" Rahman, Mohammed Ataur"," Bin Embong, Abd Halim"
" Bin Mohamad, Muslim Har Sani"," Bin Embong, Abd Halim"
"MICU, raluca"," DUMITRESCU, Dalina"
"Wen, Zhuzhu"," Bouri, Elie"
"Wen, Zhuzhu"," Xu, Yahua"
"Wen, Zhuzhu"," Zhao, Yang"
" Bouri, Elie"," Xu, Yahua"
" Bouri, Elie"," Zhao, Yang"
" Xu, Yahua"," Zhao, Yang"
"Patel, Nisarg P."," Parekh, Raj"
"Patel, Nisarg P."," Thakkar, Nihar"
"Patel, Nisarg P."," Gupta, Rajesh"
"Patel, Nisarg P."," Tanwar, Sudeep"
"Patel, Nisarg P."," Sharma, Gulshan"
"Patel, Nisarg P."," Davidson, Innocent E."
"Patel, Nisarg P."," Sharma, Ravi"
" Parekh, Raj"," Thakkar, Nihar"
" Parekh, Raj"," Gupta, Rajesh"
" Parekh, Raj"," Tanwar, Sudeep"
" Parekh, Raj"," Sharma, Gulshan"
" Parekh, Raj"," Davidson, Innocent E."
" Parekh, Raj"," Sharma, Ravi"
" Thakkar, Nihar"," Gupta, Rajesh"
" Thakkar, Nihar"," Tanwar, Sudeep"
" Thakkar, Nihar"," Sharma, Gulshan"
" Thakkar, Nihar"," Davidson, Innocent E."
" Thakkar, Nihar"," Sharma, Ravi"
" Gupta, Rajesh"," Tanwar, Sudeep"
" Gupta, Rajesh"," Sharma, Gulshan"
" Gupta, Rajesh"," Davidson, Innocent E."
" Gupta, Rajesh"," Sharma, Ravi"
" Tanwar, Sudeep"," Sharma, Gulshan"
" Tanwar, Sudeep"," Davidson, Innocent E."
" Tanwar, Sudeep"," Sharma, Ravi"
" Sharma, Gulshan"," Davidson, Innocent E."
" Sharma, Gulshan"," Sharma, Ravi"
" Davidson, Innocent E."," Sharma, Ravi"
"Czeczeli, Vivien"," Vilonya, Martin"
"Kim, Myeong Jun"," Park, Sung Y."
"Staroletov, Sergey"," Galkin, Roman"
"Osmanoglu, Murat"," Selcuk, Ali Aydin"
"He, Siyun"," Ibragimov, Rustam"
"Catania, Leopoldo"," Grassi, Stefano"
"Yarovaya, Larisa"," Zieba, Damian"
"Murtazashvili, Ilia"," Murtazashvili, Jennifer Brick"
"Murtazashvili, Ilia"," Weiss, Martin B. H."
"Murtazashvili, Ilia"," Madison, Michael J."
" Murtazashvili, Jennifer Brick"," Weiss, Martin B. H."
" Murtazashvili, Jennifer Brick"," Madison, Michael J."
" Weiss, Martin B. H."," Madison, Michael J."
